node,x_pos,T_hot,T_cold,x_cold,x_hot,regime_cold,regime_hot,P_cold,P_hot,H_cold,H_hot,U,h_hot,h_cold,q_cell,q_flux
0,0.0,600.0,530.0,0.0,0.0,init,init,6000000.0,15000000.0,1119174.4321937482,1497654.8398541238,0.0,0.0,0.0,0.0,0.0
1,0.04,599.785413598247,538.4893933304138,0.0,0.0,subcooled,subcooled,5999997.901952939,14999249.566084744,1161446.3388585576,1496245.77629863,1201.9991658530446,31867.66690207479,1332.3250926507983,2113.5953332404765,84139.94160989158
2,0.08,599.6000203970094,545.6403750909757,0.0,0.0,subcooled,subcooled,5999995.84501324,14998499.644110646,1197883.5703724346,1495031.201914834,1183.2144451648255,31845.914846324467,1309.3218844279058,1821.8615756938468,72526.3366120162
3,0.12,599.4388332407668,548.7349899924136,0.009917134599854684,0.0,two_phase,subcooled,5999993.820028739,14997750.161491752,1229499.2855311292,1493977.3447428776,1166.2302260815434,31827.307993824386,1288.5866170737463,1580.7857579347346,62929.36934453561
4,0.16,597.9569788708316,548.7349899924136,0.1937337864743135,0.0,two_phase,subcooled,5999991.788029128,14997001.058618603,1518213.9841446602,1484353.5214557599,11333.874115318386,31811.27190650865,147152.18149304303,14435.734930676548,574670.9765396715
5,0.2,596.503969346308,548.7349899924136,0.3714157955692046,0.0,two_phase,subcooled,5999989.292763853,14996255.379067726,1797293.203474115,1475050.8808114447,11285.445577237884,31667.950811348674,142206.28770501603,13953.960966472754,555492.0766907943
6,0.24,595.0812264185249,548.7349899924136,0.5431139305210487,0.0,two_phase,subcooled,5999986.09216133,14995512.916436292,2066973.7508000617,1466061.5292339132,11237.094369054132,31535.780471545688,137344.45631200523,13484.027366297332,536784.5289131104
7,0.28,593.6896559454487,548.7349899924136,0.7090073947129271,0.0,two_phase,subcooled,5999981.688769628,14994773.479559138,2327537.094913326,1457376.0844301376,11190.492896907843,31413.47842224606,132835.65218209464,13028.167205663232,518637.2295248102
8,0.32,592.3298454064858,548.7349899924136,0.8692825807875484,0.0,two_phase,subcooled,5999974.775025162,14994036.891552702,2579275.9965356095,1448984.787709395,11146.176795673027,31299.93858062265,128734.63963786545,12586.94508111417,501072.65450295265
9,0.36,591.0020338679827,557.0706550194461,1.0,0.0,superheated,subcooled,5999959.384201037,14993302.988628909,2822504.3647678937,1440877.1754349854,11105.275931142232,31194.211939445115,125155.49549903991,12161.418411614219,484132.8985515215
10,0.4,590.9342316159263,560.0064159237969,1.0,0.0,superheated,subcooled,5999927.925763176,14992571.619156294,2834821.1522200755,1440466.615853246,722.514068778642,31095.474195004186,768.1098763007519,615.8393726090786,24515.89859112574
11,0.44,590.8735181303728,562.7210409476497,1.0,0.0,superheated,subcooled,5999895.964921777,14991840.37543457,2845840.9639076227,1440099.2887969946,709.2107237187247,31090.625784143067,753.0947725723568,550.9905843773661,21934.33855005438
12,0.48,590.8190625335069,565.2220050865304,1.0,0.0,superheated,subcooled,5999863.549290783,14991109.243990058,2855716.7934655505,1439770.094478397,698.2442052541209,31086.301745291665,740.7433833674086,493.7914778963966,19657.304056385216
13,0.52,590.7701599920285,567.5193137261863,1.0,0.0,superheated,subcooled,5999830.722059004,14990378.21296158,2864578.273861327,1439474.7117985378,689.0751799363422,31082.438984751727,730.434604368654,443.0740197888388,17638.296966116195
14,0.56,590.7262032008264,569.6244081414947,1.0,0.0,superheated,subcooled,5999797.522400292,14989647.271850675,2872536.9708522093,1439209.4218988416,681.3238234151685,31078.984238091132,721.7325640988115,397.93484954410627,15841.355475481938
15,0.6,590.686663092312,571.5494344739718,1.0,0.0,superheated,subcooled,5999763.985840346,14988916.411328604,2879689.9686145745,1438970.988640096,674.7129683397098,31075.891830936554,714.3201867157287,357.6498881182616,14237.654781777928
16,0.64,590.6510750855061,573.3067503576705,1.0,0.0,superheated,subcooled,5999730.1445879685,14988185.623081952,2886122.4278839515,1438756.5733311167,669.0342774742568,31073.122156516958,707.9598033570957,321.6229634688554,12803.461921530868
17,0.68,590.6190288396195,574.9085913429991,1.0,0.0,superheated,subcooled,5999696.027835749,14987454.899685796,2891909.4927862277,1438563.6711677075,664.1272898369624,31070.64058693751,702.4688237308789,289.35324511380884,11518.839375549715
18,0.72,590.5901603356859,576.3668473863668,1.0,0.0,superheated,subcooled,5999661.6620337665,14986724.234497448,2897117.764181172,1438390.0621212095,659.865916362287,31068.416661023704,697.7040970164578,260.41356974721623,10366.782235159882
19,0.76,590.5641455734635,577.6929166304016,1.0,0.0,superheated,subcooled,5999627.071139105,14985993.62156609,2901806.471763324,1438233.771868471,656.1494237173712,31066.423457239533,693.5514949293168,234.43537910759557,9332.618595047594
20,0.8,590.5406954330148,578.8976141777357,1.0,0.0,superheated,subcooled,5999592.276843496,14985263.055555027,2906028.428693062,1438093.039970813,652.8962174888419,31064.63709579694,689.9187452325087,211.0978464869145,8403.576691358061
21,0.84,590.519551404645,579.9911202779359,1.0,0.0,superheated,subcooled,5999557.298781049,14984532.531674204,2909830.8239678345,1437966.293461654,650.0394325461242,31063.03633433459,686.7303596106194,190.11976373862296,7568.461932270023
22,0.88,590.5004819852941,580.9829567994253,1.0,0.0,superheated,subcooled,5999522.1547177965,14983802.045621226,2913255.890232168,1437852.1245861764,647.5237272852496,31061.60223353534,683.9239541575554,171.25331321669304,6817.408965632685
23,0.92,590.4832795993342,581.8819839040898,1.0,0.0,superheated,subcooled,5999486.86072457,14983071.593529494,2916341.473595886,1437749.2718073858,645.3029029776455,31060.31787646156,681.4475225653263,154.27916818589145,6141.6866316039595
24,0.96,590.4677579409336,582.6964109839399,1.0,0.0,superheated,subcooled,5999451.431334624,14982341.171922445,2919121.5247234623,1437656.6034364665,643.3381031392786,31059.16813011277,679.2573777905199,139.00255637881864,5533.541257118576
25,1.0,590.4537496616286,583.4338174597139,1.0,0.0,superheated,subcooled,5999415.879687232,14981610.777672982,2921626.525519183,1437573.1034099425,641.5964298611459,31058.13944083597,677.3165733807907,125.25003978602308,4986.06846281939
26,1.04,590.4411043450262,584.1011801696754,1.0,0.0,superheated,subcooled,5999380.217658449,14980880.407967431,2923883.8623071485,1437497.8588503436,640.0498658261866,31057.219657348418,675.5936758052272,112.86683939828568,4493.106663944493
27,1.08,590.4296867235436,584.7049049148465,1.0,0.0,superheated,subcooled,5999344.455980085,14980150.060273444,2925918.1539724227,1437430.0491281678,638.6744243189495,31056.39787661663,674.0617981011155,101.71458326369927,4049.1474229179644
28,1.12,590.4193751014948,585.2508603556264,1.0,0.0,superheated,subcooled,5999308.604347892,14979419.732311344,2927751.541764596,1437368.936201762,637.4494718607525,31055.664308887128,672.697831026334,91.66938960865716,3649.2591404720206
29,1.16,590.4100599557711,585.7444129298303,1.0,0.0,superheated,subcooled,5999272.6715198755,14978689.422028517,2929403.946158898,1437313.8560552853,636.3571832900882,31055.010158951518,671.4818254859603,82.62021971510907,3289.0214854740875
30,1.2,590.4016426905847,586.1904618227378,1.0,0.0,superheated,subcooled,5999236.665405569,14977959.127576498,2930893.2951853443,1437264.211087737,635.3820996558254,31054.427521287584,670.3964921943264,74.4674513223113,2964.4686035951954
31,1.24,590.39403452676,586.5934732940148,1.0,0.0,superheated,subcooled,5999200.593147059,14977228.847290423,2932235.7278810893,1437219.463331212,634.5107667554885,31053.90928716473,669.4267931502155,67.12163478725802,2672.0396014035837
32,1.28,590.3871555091604,586.957513875014,1.0,0.0,superheated,subcooled,5999164.461192484,14976498.579670621,2933445.775932122,1437179.1283961777,633.7314375237868,31053.44906212744,668.559605695564,60.50240255163203,2408.535133424842
33,1.32,590.3809336183538,587.2862821083563,1.0,0.0,superheated,subcooled,5999128.275362659,14975768.323366081,2934536.5261038262,1437142.7700571208,633.0338254026813,31053.041092536514,667.7834444463706,54.5375085852105,2171.079163423985
34,1.36,590.3753039745392,587.5831386215322,1.0,0.0,superheated,subcooled,5999092.040911454,14975038.077159606,2935519.765684894,1437109.9954044186,632.4088987325512,31052.680200053688,667.0882297263992,49.16197905337063,1957.0851533985124
35,1.4000000000000001,590.3702081234497,587.8511344162797,1.0,0.0,superheated,subcooled,5999055.76258047,14974307.839954479,2936406.112863413,1437080.450498468,631.8487083843959,31052.36172311738,666.4650936359398,44.31735892595586,1764.2260718931473
36,1.44,590.3655933952411,588.093037322602,1.0,0.0,superheated,subcooled,5999019.444648552,14973577.610762466,2937205.1337017487,1437053.8164705236,631.3462425058169,31052.081464596587,665.9062167814692,39.95104191677907,1590.4077196170012
37,1.48,590.3614123285213,588.3113566155935,1.0,0.0,superheated,subcooled,5998983.090976583,14972847.38869304,2937925.4471662417,1437029.8060217071,630.8953035185474,31051.83564491959,665.4046901392484,36.015673224650776,1433.74495321062
38,1.52,590.3576221525826,588.5083658289137,1.0,0.0,superheated,subcooled,5998946.705048019,14972117.172943676,2938574.819490133,1437008.1602775773,630.490403482334,31051.620860064395,664.9543976420812,32.46861619456067,1292.5404536051221
39,1.56,590.3541843217788,588.6861238238735,1.0,0.0,superheated,subcooled,5998910.2900055405,14971386.962791124,2939160.248996855,1436988.6459606865,630.126674700558,31051.434043877412,664.5499159461889,29.27147533610981,1165.2657379024606
40,1.6,590.3510640965955,588.8464941901661,1.0,0.0,superheated,subcooled,5998873.84868419,14970656.757583553,2939688.0423810096,1436971.0528478813,629.7997930395134,31051.272434252314,664.1864285148444,26.38966920771731,1050.5441563581733
41,1.6400000000000001,590.3482301666332,588.9911630651843,1.0,0.0,superheated,subcooled,5998837.383641328,14969926.556733478,2940163.883332057,1436955.1914828464,629.5059119042681,31051.1335427542,663.8596516914206,23.79204755237902,947.1356509705024
42,1.68,590.3456543112179,589.1216554651328,1.0,0.0,superheated,subcooled,5998800.897183695,14969196.359711392,2940592.894288084,1436940.8911176454,629.2416051883313,31051.015127327842,663.5657708599471,21.450547801351753,853.9230812640029
43,1.72,590.3433110938038,589.2393502239127,1.0,0.0,superheated,subcooled,5998764.391391867,14968466.166040033,2940979.6920215506,1436927.997859863,629.0038178134495,31050.91516776372,663.301385130867,19.339886673332405,769.8999471867995
44,1.76,590.3411775867733,589.3454936359617,1.0,0.0,superheated,subcooled,5998727.868142339,14967735.975289216,2941328.437683846,1436916.3730044533,628.7898227162631,31050.83184363501,663.0634592623401,17.43728311477305,694.1593596645322
45,1.8,590.3392331235525,589.4412118975414,1.0,0.0,superheated,subcooled,5998691.329127476,14967005.787071185,2941642.8818692355,1436905.891531607,628.5971833327476,31050.76351445474,662.8492817474587,15.722209269480485,625.8841269697646
46,1.84,590.3374590753178,589.5275224379657,1.0,0.0,superheated,subcooled,5998654.775873514,14966275.601036418,2941926.405200151,1436896.4407539098,628.4237207890047,31050.708701818414,662.656428176176,14.176166545758829,564.3378401974056
47,1.8800000000000001,590.3358386498193,589.605344228335,1.0,0.0,superheated,subcooled,5998618.209756829,14965545.416869855,2942182.0548837353,1436887.9190977903,628.2674851355645,31050.666073335706,662.4827291261579,12.782484179222235,508.8568542684011
48,1.92,590.3343567101277,589.6755071508544,1.0,0.0,superheated,subcooled,5998581.632018606,14964815.234287493,2942412.5776432585,1436880.2350058062,628.126730067727,31050.634428163885,662.3262419558191,11.526137976167332,458.8430722996549
49,1.96,590.332999611305,589.7387605069582,1.0,0.0,superheated,subcooled,5998545.04377809,14964085.053033324,2942620.449386734,1436873.3059476903,627.9998906611494,31050.61268398545,662.1852259706436,10.39358717378732,413.75745118580096
50,2.0,590.3317550532289,589.7957807374564,1.0,0.0,superheated,subcooled,5998508.446044537,14963354.87287657,2942807.901938216,1436867.0575293074,627.8855637235665,31050.599865281707,662.0581205147384,9.372627574086735,373.1141550193764
51,2.04,590.3306119479539,589.8471784229146,1.0,0.0,superheated,subcooled,5998471.839728006,14962624.693609193,2942976.947124293,1436861.4226897715,627.7824904230032,31050.59509277035,661.9435256065954,8.452259303851292,336.4752907584113
52,2.08,590.329560300189,589.8935046275224,1.0,0.0,superheated,subcooled,5998435.225649087,14961894.515043661,2943129.3984787893,1436856.340977955,627.6895409023617,31050.59757389395,661.8401847938002,7.622567724805574,303.4461673887569
53,2.12,590.3285910995504,589.9352566449062,1.0,0.0,superheated,subcooled,5998398.604547684,14961164.337010914,2943266.8908022307,1436851.757900507,627.6057006317413,31050.606594252422,661.7469699481001,6.874616172074359,273.6710259583742
54,2.16,590.3276962234821,589.9728831997821,1.0,0.0,superheated,subcooled,5998361.97709094,14960434.15935855,2943390.8977889186,1436847.624334284,627.5300582846635,31050.62150988247,661.6628677613941,6.200349334396111,246.8291932482528
55,2.2,590.3268683497262,590.0067891549425,1.0,0.0,superheated,subcooled,5998325.34388038,14959703.98194918,2943502.7479131604,1436843.8959968095,627.4617949536602,31050.641740304567,661.5869677361096,5.592506212100123,222.631616723731
56,2.24,590.3261008774521,590.0373397689924,1.0,0.0,superheated,subcooled,5998288.705458358,14958973.80465895,2943603.6387470807,1436840.5329690122,627.4001745455915,31050.666762256165,661.518451491406,5.044541696013982,200.81774267571583
57,2.2800000000000002,590.3253878561504,590.0648645463983,1.0,0.0,superheated,subcooled,5998252.062313873,14958243.627376204,2943694.6498652566,1436837.4992650729,627.34453521806,31050.696104045976,661.4565832302094,4.550555908796899,181.15270337567273
58,2.32,590.3247239215457,590.0896607177993,1.0,0.0,superheated,subcooled,5998215.414887811,14957513.450000288,2943776.754475968,1436834.7624447157,627.2942817362726,31050.72934046721,661.4007012322546,4.105230535558516,163.42478246650145
59,2.36,590.3241042378294,590.1119963852437,1.0,0.0,superheated,subcooled,5998178.7635776745,14956783.272440456,2943850.829904963,1436832.2932637492,627.2488786450863,31050.76608821086,661.3502102555532,3.7037714497305347,147.44313096061046
60,2.4,590.3235244455835,590.1321133638942,1.0,0.0,superheated,subcooled,5998142.10874185,14956053.0946149,2943917.6670451397,1436830.0653590767,627.2078441640726,31050.80600173561,661.3045747433812,3.341857008836689,133.03570895050512
61,2.44,590.3229806148438,590.1502297489355,1.0,0.0,superheated,subcooled,5998105.450703452,14955322.916449873,2943977.978874299,1436828.0549647715,627.1707447248424,31050.84876954332,661.2633127466485,3.0155914579706766,120.04743065169892
62,2.48,590.3224692027845,590.1665422337938,1.0,0.0,superheated,subcooled,5998068.789753797,14954592.737878885,2944032.4081329964,1436826.2406561482,627.1371900796049,31050.894110823498,661.2259904824072,2.721462934853599,108.33849262952225
63,2.52,590.3219870155738,590.1812282033916,1.0,0.0,superheated,subcooled,5998032.1261555245,14953862.558841998,2944081.5342454105,1436824.6031190676,627.1068289184168,31050.941772427108,661.1922174587384,2.456305620713199,97.78286706660825
64,2.56,590.3215311739972,590.1944476239617,1.0,0.0,superheated,subcooled,5997995.460145422,14953132.37928517,2944125.8795579444,1436823.1249419833,627.0793449399475,31050.991526141996,661.1616421044981,2.2172656266917623,88.26694373772939
65,2.6,590.3210990824535,590.206344748953,1.0,0.0,superheated,subcooled,5997958.791936969,14952402.199159684,2944165.914962876,1436821.7904284855,627.0544533269532,31051.04316623428,661.1339478495183,2.001770246578865,79.68830599438157
66,2.64,590.320688401022,590.2170496587242,1.0,0.0,superheated,subcooled,5997922.12172263,14951672.018421618,2944202.0649677273,1436820.5854283238,627.0318975832716,31051.096507233626,661.1088496071341,1.8075002425671585,71.95462749073083
67,2.68,590.3202970202709,590.2266796500578,1.0,0.0,superheated,subcooled,5997885.4496759195,14950941.837031376,2944234.712265025,1436819.4971850805,627.0114466940098,31051.151381936794,661.0860906163351,1.63236486487112,64.98267774168471
68,2.72,590.3199230385495,590.2353404900108,1.0,0.0,superheated,subcooled,5997848.7759532705,14950211.654953256,2944264.201851719,1436818.5141988574,626.9928925749025,31051.207639608307,661.0654396056459,1.4744793347187548,58.69742574517336
69,2.7600000000000002,590.3195647415273,590.2431275472464,1.0,0.0,superheated,subcooled,5997812.100695714,14949481.472155074,2944290.844742673,1436817.6261024922,626.9760477805795,31051.265144356883,661.0466882450337,1.3321445476896663,53.03123199401538
70,2.8000000000000003,590.3192205837311,590.2501268127239,1.0,0.0,superheated,subcooled,5997775.424030397,14948751.28860781,2944314.921318238,1436816.8235499733,626.9607434447846,31051.323773674627,661.0296488558279,1.2038287782473616,47.923120153159296
71,2.84,590.3188891719208,590.2564158205066,1.0,0.0,superheated,subcooled,5997738.746071945,14948021.104285304,2944336.6843419913,1436816.0981158481,626.9468274285427,31051.38341711794,661.0141523519321,1.088151187663481,43.31812052800482
72,2.88,590.3185692500905,590.262064478398,1.0,0.0,superheated,subcooled,5997702.066923698,14947290.919163967,2944356.3616811475,1436815.442204543,626.9341626548268,31051.44397511891,661.0000463884544,0.9838669578177042,39.16667825707421
73,2.92,590.3182596859455,590.2671358171938,1.0,0.0,superheated,subcooled,5997665.386678821,14946560.733222533,2944374.1587589495,1436814.8489686162,626.9226256105892,31051.50535791522,660.9871936964586,0.8898538901044625,35.4241198289993
74,2.96,590.3179594587244,590.2716866664823,1.0,0.0,superheated,subcooled,5997628.705421305,14945830.54644183,2944390.26076545,1436814.3122350662,626.9121049990503,31051.567484582996,660.9754705848034,0.8051003250313745,32.05017217481586
75,3.0,590.3176676482083,590.2757682641717,1.0,0.0,superheated,subcooled,5997592.02322687,14945100.35880457,2944404.8346505016,1436813.8264388978,626.9025005269292,31051.630282167025,660.9647655920288,0.7286942525732707,29.008529162948673
76,3.04,590.3173834248163,590.2794268062072,1.0,0.0,superheated,subcooled,5997555.3401637785,14944370.170295166,2944418.0309204077,1436813.3865632343,626.8937218129095,31051.69368489644,660.9549782730392,0.6598134953050897,26.266460800361852
77,3.08,590.3171060406814,590.2827039423366,1.0,0.0,superheated,subcooled,5997518.656293572,14943639.980899563,2944429.9852575883,1436812.9880853281,626.8856874050737,31051.7576334764,660.9460181069409,0.5977168590220416,23.794460948329682
78,3.12,590.3168348216012,590.2856372231983,1.0,0.0,superheated,subcooled,5997481.971671732,14942909.79060509,2944440.819980694,1436812.6269278913,626.8783238962934,31051.822074450603,660.9378035137822,0.5417361552924448,21.565929748903056
79,3.16,590.316569159773,590.2882605034981,1.0,0.0,superheated,subcooled,5997445.286348275,14942179.599400323,2944450.645360893,1436812.299415218,626.8715651277021,31051.88695962662,660.9302609692187,0.4912690099580528,19.55688733909446
80,3.2,590.3163085072698,590.2906043055775,1.0,0.0,superheated,subcooled,5997408.600368292,14941449.407274956,2944459.5608084938,1436812.0022336312,626.8653514714083,31051.95224555706,660.9233242072662,0.44577238002854447,17.745715765467533
81,3.24,590.316052370129,590.292696147258,1.0,0.0,superheated,subcooled,5997371.913772435,14940719.2142197,2944467.6559426878,1436811.7323958247,626.8596291844848,31052.01789307273,660.9169335022889,0.40475670969379773,16.112926341313603
82,3.2800000000000002,590.3158003030422,590.294560837459,1.0,0.0,superheated,subcooled,5997335.22659735,14939989.02022618,2944475.0115559185,1436811.487208717,626.8543498270996,31052.083866860823,660.9110350222865,0.36778066154417355,14.640949902236208
83,3.3200000000000003,590.3155519045637,590.296220742758,1.0,0.0,superheated,subcooled,5997298.538876075,14939258.825286841,2944481.700483262,1436811.2642444721,626.849469738382,31052.150135085918,660.9055802463591,0.3344463671878267,13.313947738368897
84,3.36,590.3153068127849,590.297696027739,1.0,0.0,superheated,subcooled,5997261.850638394,14938528.629394872,2944487.7883861745,1436811.0613143751,626.8449495642427,31052.21666904708,660.9005254399211,0.3043951456149373,12.117641147091453
85,3.4,590.3150647014512,590.299004871706,1.0,0.0,superheated,subcooled,5997225.161911157,14937798.432544129,2944493.33445904,1436810.8764452797,626.8407538319866,31052.283442869266,660.8958311819267,0.27730364327675094,11.039157773756008
86,3.44,590.3148252764345,590.3001636640831,1.0,0.0,superheated,subcooled,5997188.47271857,14937068.234729072,2944498.3920661323,1436810.7078583767,626.8368505670395,31052.350433225427,660.8914619389046,0.2528803546255877,10.066893098152377
87,3.48,590.3145882725845,590.3011871805912,1.0,0.0,superheated,subcooled,5997151.783082455,14936338.035944704,2944503.0093158316,1436810.5539500534,626.8332109476132,31052.41761908469,660.8873856811601,0.2308624849623408,9.190385547863885
88,3.52,590.3143534508606,590.3020887420936,1.0,0.0,superheated,subcooled,5997115.093022485,14935607.836186519,2944507.2295782883,1436810.4132746381,626.8298089935264,31052.48498148755,660.8835735369412,0.21101312283334042,8.400203934448266
89,3.56,590.314120595774,590.3028803578125,1.0,0.0,superheated,subcooled,5997078.402556394,14934877.635450453,2944511.091952097,1436810.2845288445,626.8266212858033,31052.552503340692,660.8799994808112,0.19311869045203994,7.687845957485666
90,3.6,590.3138895130534,590.3035728544567,1.0,0.0,superheated,subcooled,5997041.711700169,14934147.43373284,2944514.6316850116,1436810.1665377475,626.8236267139822,31052.620169234375,660.8766400528193,0.17698664571238631,7.045646724219201
91,3.64,590.3136600275701,590.3041759926343,1.0,0.0,superheated,subcooled,5997005.020468224,14933417.231030371,2944517.8805532125,1436810.0582421408,626.8208062483875,31052.687965275756,660.8734741054163,0.1624434100355623,6.46669625937748
92,3.68,590.3134319814365,590.3046985718165,1.0,0.0,superheated,subcooled,5996968.328873551,14932687.027340064,2944520.867203231,1436809.9586871401,626.8181427349119,31052.75587894034,660.8704825753875,0.14933250092167089,5.944765164079255
93,3.72,590.3132052323232,590.3051485249678,1.0,0.0,superheated,subcooled,5996931.6369278645,14931956.822659228,2944523.617460187,1436809.8670119082,626.8156207100469,31052.823898935963,660.8676482782904,0.13751284780449635,5.474237571835046
94,3.7600000000000002,590.3129796519163,590.3055330038591,1.0,0.0,superheated,subcooled,5996894.944641722,14931226.616985435,2944526.154605674,1436809.782440392,626.8132262341815,31052.89201508296,660.8649557231943,0.12685727434455252,5.050050730276772
95,3.8000000000000003,590.312755124542,590.3058584559889,1.0,0.0,superheated,subcooled,5996858.252024644,14930496.410316491,2944528.4996282705,1436809.7042729722,626.8109467413602,31052.960218203923,660.8623909457121,0.11725112983223661,4.667640518799228
96,3.84,590.3125315459195,590.3061306939247,1.0,0.0,superheated,subcooled,5996821.55908521,14929766.202650422,2944530.671449382,1436809.631878935,626.8087709038547,31053.028500024888,660.8599413574973,0.10859105555925533,4.32289233914233
97,3.88,590.3123088220366,590.3063549578284,1.0,0.0,superheated,subcooled,5996784.865831155,14929035.99398544,2944532.6871268353,1436809.5646896865,626.8066885101131,31053.096853086365,660.8575956106058,0.10078387268254181,4.012096842457875
98,3.92,590.3120868681461,590.3065359718129,1.0,0.0,superheated,subcooled,5996748.172269455,14928305.784319937,2944534.562038425,1436809.5021926335,626.8046903547302,31053.16527066391,660.8553434752189,0.09374557948738464,3.7319100114404713
99,3.96,590.3118656078427,590.3066779947651,1.0,0.0,superheated,subcooled,5996711.478406394,14927575.573652457,2944536.3100473797,1436809.4439256683,626.8027681392925,31053.23374669455,660.8531757294517,0.08740044774604243,3.4793171873424535
100,4.0,590.311644972251,590.3067848661536,1.0,0.0,superheated,subcooled,5996674.78424764,14926845.361981688,2944537.9436515314,1436809.3894721966,626.8009143829789,31053.302275712453,660.8510840600023,0.0816802075874518,3.2516006205195778
101,4.04,590.3114248992775,590.3068600473302,1.0,0.0,superheated,subcooled,5996638.0897983,14926115.149306444,2944539.474117794,1436809.3384566545,626.7991223419945,31053.37085279028,660.8490609726185,0.07652331313589317,3.0463102363014793
102,4.08,590.3112053329454,590.3069066587664,1.0,0.0,superheated,subcooled,5996601.395062978,14925384.935625654,2944540.911603397,1436809.2905404677,626.79738593694,31053.439473485578,660.8470997113841,0.07187428016594652,2.861237267752648
103,4.12,590.3109862227902,590.3069275136219,1.0,0.0,superheated,subcooled,5996564.700045828,14924654.720938351,2944542.2652651793,1436809.2454184084,626.7956996873429,31053.50813379334,660.8451941859615,0.0676830891032568,2.6943904897793307
104,4.16,590.3107675233185,590.306925148007,1.0,0.0,superheated,subcooled,5996528.004750589,14923924.50524366,2944543.543358115,1436809.2028153106,626.794058652639,31053.576830102946,660.8433389060067,0.06390464678830966,2.543974792528251
105,4.2,590.31054919352,590.3069018482671,1.0,0.0,superheated,subcooled,5996491.309180634,14923194.288540794,2944544.7533241413,1436809.1624831096,626.7924583789793,31053.645559158973,660.8415289220547,0.06049830131150661,2.408371867496282
106,4.24,590.3103311964207,590.3068596755778,1.0,0.0,superheated,subcooled,5996454.613339004,14922464.070829036,2944545.9018722335,1436809.1241981732,626.7908948512718,31053.714318027553,660.8397597722242,0.05742740460849112,2.2861227949240095
107,4.28,590.3101134986889,590.3068004881216,1.0,0.0,superheated,subcooled,5996417.91722844,14921733.852107741,2944546.9950505947,1436809.0877588945,626.7893644499547,31053.783104062273,660.8380274341799,0.05465891805160572,2.175912342818699
108,4.32,590.3098960702778,590.306725961077,1.0,0.0,superheated,subcooled,5996381.220851411,14921003.632376326,2944548.0383117343,1436809.052983523,626.7878639120261,31053.851914878207,660.8363282818256,0.0521630569937332,2.0765548166295065
109,4.36,590.3096788840983,590.3066376046418,1.0,0.0,superheated,subcooled,5996344.524210144,14920273.41163426,2944549.036571141,1436809.0197082097,626.7863902959186,31053.920748325116,660.8346590462688,0.049912970327038654,1.986981302827972
110,4.4,590.3094619157306,590.3065367802824,1.0,0.0,superheated,subcooled,5996307.827306645,14919543.189881068,2944549.994260171,1436808.987785242,626.7849409498298,31053.98960246445,660.8330167806274,0.047884451493775085,1.90622816456111
111,4.44,590.3092451431594,590.3064247153781,1.0,0.0,superheated,subcooled,5996271.130142723,14918812.967116315,2944550.915373732,1436808.9570814567,626.7835134831756,31054.05847554849,660.8313988283064,0.04605567804189466,1.8334266736423033
112,4.48,590.3090285465379,590.3063025164278,1.0,0.0,superheated,subcooled,5996234.432720009,14918082.743339607,2944551.8035132685,1436808.9274768054,626.7821057408601,31054.127366001543,660.8298027944033,0.044406976836468486,1.7677936638721532
113,4.5200000000000005,590.3088121079758,590.3061711809568,1.0,0.0,superheated,subcooled,5996197.735039972,14917352.518550592,2944552.6619255156,1436808.898863064,626.7807157800745,31054.196272403566,660.8282265199263,0.042920612363995074,1.7086231036622244
114,4.5600000000000005,590.3085958113417,590.3060316082465,1.0,0.0,superheated,subcooled,5996161.037103935,14916622.292748943,2944553.4935374334,1436808.8711426666,626.7793418493837,31054.265193473562,660.8266680585526,0.041580595890912016,1.6552784988420388
115,4.6000000000000005,590.308379642097,590.3058846090094,1.0,0.0,superheated,subcooled,5996124.338913093,14915892.06593437,2944554.300987701,1436808.8442276577,626.7779823698756,31054.334128057468,660.8251256556803,0.04037251338460764,1.6071860423808775
116,4.64,590.3081635871306,590.3057309141153,1.0,0.0,superheated,subcooled,5996087.640468521,14915161.838106604,2944555.086655112,1436808.818038744,626.7766359181687,31054.403075114096,660.8235977295452,0.039283370542149865,1.563828445149278
117,4.68,590.3079476346256,590.3055711824503,1.0,0.0,superheated,subcooled,5996050.941771188,14914431.609265406,2944555.852684167,1436808.7925044422,626.7753012110841,31054.47203370544,660.822082854187,0.03830145277090057,1.5247393618989082
118,4.72,590.3077317739303,590.3054060080101,1.0,0.0,superheated,subcooled,5996014.242821966,14913701.379410556,2944556.601008154,1436808.7675603093,626.7739770918431,31054.541002985603,660.8205797441109,0.03741619933820376,1.4894983812979203
119,4.76,590.3075159954395,590.3052359262879,1.0,0.0,superheated,subcooled,5995977.543621644,14912971.148541851,2944557.3333699466,1436808.7431482496,626.7726625176091,31054.609982191807,660.8190872404426,0.03661808963476626,1.4577264981992937
120,4.8,590.3073002904939,590.3050614200376,1.0,0.0,superheated,subcooled,5995940.84417093,14912240.916659111,2944558.051340761,1436808.719215889,626.7713565482684,31054.678970636982,660.8176042984618,0.03589854072434797,1.4290820352049352
121,4.84,590.3070846512888,590.3048829244669,1.0,0.0,superheated,subcooled,5995904.144470463,14911510.683762169,2944558.756337061,1436808.6957160123,626.7700583363088,31054.747967700878,660.8161299763537,0.03524981499802941,1.4032569664820627
122,4.88,590.306869070789,590.3047008319214,1.0,0.0,superheated,subcooled,5995867.444520817,14910780.449850872,2944559.4496358004,1436808.6726060542,626.7687671177005,31054.81697282502,660.8146634250751,0.034664936975127174,1.3799736056977379
123,4.92,590.3066535426497,590.3045154961045,1.0,0.0,superheated,subcooled,5995830.744322512,14910050.214925082,2944560.1323881643,1436808.649847642,626.7674822036705,31054.885985505898,660.8132038792136,0.03413761819084814,1.3589816158777126
124,4.96,590.3064380611513,590.3043272358848,1.0,0.0,superheated,subcooled,5995794.043876016,14909319.978984673,2944560.8056319547,1436808.6274061825,626.7662029732905,31054.95500528912,660.8117506487511,0.03366218950997154,1.340055314887402
125,5.0,590.306222621141,590.3041363387238,1.0,0.0,superheated,subcooled,5995757.343181747,14908589.742029525,2944561.470302758,1436808.605250489,626.7649288667936,31055.024031765537,660.8103031116362,0.03323354015039136,1.3229912480251338
126,5.04,590.3060072179684,590.303943063774,1.0,0.0,superheated,subcooled,5995720.642240085,14907859.504059533,2944562.1272440134,1436808.583352447,626.7636593795521,31055.093064566096,660.8088607070924,0.03284706277913779,1.3076060023542115
127,5.08,590.3057918474449,590.303747644662,1.0,0.0,superheated,subcooled,5995683.94105137,14907129.265074598,2944562.7772160876,1436808.5616867112,626.7623940566416,31055.16210335802,660.8074229295767,0.03249860372133462,1.2937342245754226
128,5.12,590.305576505792,590.3035502920062,1.0,0.0,superheated,subcooled,5995647.239615912,14906399.025074627,2944563.4209044576,1436808.540230432,626.7611324879501,31055.23114784139,660.8059893233454,0.03218441850213078,1.2812268511994738
129,5.16,590.3053611896074,590.3033511956797,1.0,0.0,superheated,subcooled,5995610.537933984,14905668.78405954,2944564.0589270853,1436808.5189630112,626.7598743037596,31055.30019774598,660.8045594775427,0.03190113138263698,1.26994949771644
130,5.2,590.3051458958189,590.3031505268568,1.0,0.0,superheated,subcooled,5995573.836005837,14904938.542029256,2944564.691841069,1436808.4978658785,626.7586191707732,31055.36925282795,660.8031330217873,0.03164569918869318,1.259781018658168
131,5.24,590.3049306216587,590.3029484398515,1.0,0.0,superheated,subcooled,5995537.133831694,14904208.298983706,2944565.3201486366,1436808.476922293,626.7573667885198,31055.438312867856,660.8017096221754,0.03141537837454612,1.2506121964389378
132,5.28,590.3047153646335,590.3027450737807,1.0,0.0,superheated,subcooled,5995500.431411756,14903478.054922821,2944565.9443025496,1436808.4561171625,626.7561168861268,31055.507377667513,660.8002889776958,0.03120769565966148,1.2423445724387532
133,5.32,590.304500122493,590.302540554058,1.0,0.0,superheated,subcooled,5995463.728746206,14902747.80984654,2944566.564710977,1436808.4354368816,626.7548692194018,31055.57644704811,660.7988708169859,0.031020421370502246,1.2348893857684016
134,5.36,590.3042848932097,590.3023349937471,1.0,0.0,superheated,subcooled,5995427.025835205,14902017.563754806,2944567.1817418854,1436808.4148691846,626.753623568207,31055.64552084908,660.7974548954138,0.030851545424575102,1.2281666172203465
135,5.4,590.3040696749563,590.302128494775,1.0,0.0,superheated,subcooled,5995390.3226789,14901287.316647563,2944567.7957269996,1436808.394403014,626.7523797340855,31055.71459892522,660.796040992442,0.030699255706110772,1.2221041284279766
136,5.44,590.3038544660847,590.3019211490292,1.0,0.0,superheated,subcooled,5995353.619277423,14900557.06852476,2944568.4069653717,1436808.3740284017,626.7511375381297,31055.783681145946,660.7946289092563,0.030561918595281123,1.2166368867548218
137,5.48,590.3036392651082,590.3017130393484,1.0,0.0,superheated,subcooled,5995316.915630893,14899826.819386348,2944569.0157265994,1436808.3537363608,626.749896819056,31055.85276739312,660.7932184666282,0.030438061377062415,1.2117062650104464
138,5.5200000000000005,590.303424070689,590.3015042404118,1.0,0.0,superheated,subcooled,5995280.211739415,14899096.569232285,2944569.6222537262,1436808.3335187898,626.7486574314648,31055.921857560803,660.7918095029805,0.030326356350723966,1.2072594088664
139,5.5600000000000005,590.3032088816198,590.3012948195443,1.0,0.0,superheated,subcooled,5995243.507603086,14898366.318062527,2944570.226765859,1436808.3133683854,626.7474192442801,31055.99095155293,660.7904018726531,0.030225606630964335,1.2032486716148223
140,5.6000000000000005,590.3029936968097,590.3010848374378,1.0,0.0,superheated,subcooled,5995206.803221989,14897636.065877033,2944570.8294605226,1436808.2932785633,626.7461821393346,31056.060049283486,660.7889954443307,0.030134733186039084,1.1996310981703457
141,5.64,590.302778515279,590.3008743488087,1.0,0.0,superheated,subcooled,5995170.098596203,14896905.812675767,2944571.4305157876,1436808.2732433877,626.7449460101049,31056.12915067422,660.7875900996384,0.0300527632560493,1.1963679640147014
142,5.68,590.3025633361445,590.3006634029838,1.0,0.0,superheated,subcooled,5995133.393725797,14896175.55845869,2944572.030092186,1436808.2532575077,626.7437107605558,31056.198255655578,660.7861857318555,0.029978819909735964,1.1934243594640113
143,5.72,590.3023481586066,590.3004520444315,1.0,0.0,superheated,subcooled,5995096.688610831,14895445.303225767,2944572.628334438,1436808.2333160993,626.7424763041129,31056.26736416404,660.7847822447752,0.02991211260731351,1.1907688139854105
144,5.76,590.3021329819464,590.3002403132401,1.0,0.0,superheated,subcooled,5995059.983251362,14894715.046976965,2944573.22537301,1436808.2134148136,626.7412425627303,31056.336476142766,660.7833795516681,0.029851928608238504,1.188372954149622
145,5.8,590.3019178055159,590.3000282455504,1.0,0.0,superheated,subcooled,5995023.277647438,14893984.789712254,2944573.8213255187,1436808.1935497301,626.7400094660494,31056.40559154032,660.7819775743473,0.02979762541720422,1.1862112029141807
146,5.84,590.3017026287317,590.299815873943,1.0,0.0,superheated,subcooled,5994986.571799104,14893254.5314316,2944574.4162979946,1436808.1737173141,626.7387769506408,31056.47471031048,660.7805762423262,0.029748623804774478,1.1842605017824235
147,5.88,590.3014874510658,590.2996032277895,1.0,0.0,superheated,subcooled,5994949.865706398,14892524.272134975,2944575.010386027,1436808.1539143797,626.7375449593245,31056.54383241184,660.7791754920628,0.029704401613849445,1.182500064245599
148,5.92,590.3012722720441,590.2993903335688,1.0,0.0,superheated,subcooled,5994913.159369357,14891794.01182235,2944575.6036757887,1436808.1341380542,626.736313440552,31056.612957806392,660.7777752662731,0.029664488085264618,1.1809111498911073
149,5.96,590.301057091237,590.2991772151518,1.0,0.0,superheated,subcooled,5994876.45278801,14891063.750493696,2944576.196244966,1436808.1143857483,626.735082347852,31056.682086460583,660.776375513316,0.029628458856441414,1.1794768653041965
150,6.0,590.3008419082603,590.2989638940588,1.0,0.0,superheated,subcooled,5994839.745962387,14890333.488148987,2944576.788163592,1436808.0946551275,626.7338516393321,31056.75121834387,660.7749761866377,0.029595931325227712,1.1781819795074726
