x_pos_m,T_hot_C,T_cold_C,T_wall_hot_C,T_wall_cold_C,regime_cold,onb,x_di,x_quality,dP_hot_kPa,dP_cold_kPa,h_cold_W_m2K,h_hot_W_m2K,q_cell_W
0,326.85,306.8848,,,init,,,0,0,0.95245,0,0,0
0.01,326.8417,306.4164,326.4442,325.7975,superheated,,,1,0.187604,0.951922,683.8401,31867.6669,81.221
0.02,326.8332,305.9381,326.4258,325.7632,superheated,,,1,0.375202,0.951404,685.0305,31866.8507,83.2294
0.03,326.8245,305.4495,326.407,325.728,superheated,,,1,0.562796,0.950894,686.2619,31866.0138,85.289
0.04,326.8156,304.9504,326.3877,325.6919,superheated,,,1,0.750384,0.950391,687.536,31865.1558,87.4011
0.05,326.8064,304.4408,326.368,325.6548,superheated,,,1,0.937967,0.94842,688.8546,31864.2762,89.5674
0.06,326.797,303.9205,326.3477,325.6169,superheated,,,1,1.125545,0.945514,690.2196,31863.3744,91.7892
0.07,326.7874,303.3892,326.3269,325.578,superheated,,,1,1.313116,0.941818,691.6332,31862.4498,94.0682
0.08,326.7776,302.8469,326.3056,325.538,superheated,,,1,1.500682,0.937408,693.0976,31861.5019,96.4061
0.09,326.7675,302.2932,326.2838,325.4971,superheated,,,1,1.688243,0.932329,694.6149,31860.53,98.8045
0.1,326.7571,301.7281,326.2614,325.4551,superheated,,,1,1.875797,0.92661,696.1877,31859.5337,101.2652
0.11,326.7466,301.1514,326.2384,325.412,superheated,,,1,2.063344,0.920274,697.8186,31858.5122,103.79
0.12,326.7357,300.5629,326.2148,325.3678,superheated,,,1,2.250886,0.913332,699.5103,31857.465,106.3809
0.13,326.7246,299.9625,326.1907,325.3225,superheated,,,1,2.438421,0.905795,701.2657,31856.3913,109.0399
0.14,326.7132,299.3499,326.1659,325.276,superheated,,,1,2.625949,0.89767,703.088,31855.2906,111.769
0.15,326.7015,298.7251,326.1404,325.2282,superheated,,,1,2.81347,0.888963,704.9805,31854.162,114.5705
0.16,326.6895,298.0879,326.1143,325.1793,superheated,,,1,3.000985,0.879677,706.9467,31853.005,117.4465
0.17,326.6772,297.438,326.0876,325.129,superheated,,,1,3.188492,0.869816,708.9904,31851.8186,120.3995
0.18,326.6646,296.7755,326.0601,325.0774,superheated,,,1,3.375992,0.859387,711.1158,31850.6023,123.4319
0.19,326.6517,296.1001,326.0319,325.0244,superheated,,,1,3.563484,0.848398,713.3271,31849.3552,126.5464
0.2,326.6384,295.4117,326.003,324.97,superheated,,,1,3.750968,0.836857,715.6291,31848.0765,129.7456
0.21,326.6249,294.7101,325.9733,324.9141,superheated,,,1,3.938444,0.824783,718.0267,31846.7654,133.0326
0.22,326.6109,293.9954,325.9428,324.8567,superheated,,,1,4.125913,0.812199,720.5255,31845.421,136.4102
0.23,326.5967,293.2673,325.9115,324.7977,superheated,,,1,4.313372,0.799142,723.1313,31844.0424,139.8817
0.24,326.582,292.5257,325.8793,324.7372,superheated,,,1,4.500824,0.78567,725.8505,31842.6287,143.4506
0.25,326.567,291.7707,325.8463,324.6749,superheated,,,1,4.688266,0.771881,728.6899,31841.179,147.1203
0.26,326.5516,291.002,325.8123,324.611,superheated,,,1,4.875699,0.757951,731.6571,31839.6922,150.8948
0.27,326.5358,290.2197,325.7775,324.5452,superheated,,,1,5.063123,0.744021,734.7603,31838.1674,154.7781
0.28,326.5196,289.4237,325.7417,324.4775,superheated,,,1,5.250538,0.730093,738.0084,31836.6035,158.7745
0.29,326.503,288.6141,325.7048,324.408,superheated,,,1,5.437943,0.716169,741.4113,31834.9994,162.8887
0.3,326.4859,287.7907,325.667,324.3364,superheated,,,1,5.625337,0.702251,744.9796,31833.3539,167.1258
0.31,326.4684,286.9536,325.628,324.2627,superheated,,,1,5.812722,0.688339,748.7253,31831.6659,171.4911
0.32,326.4504,286.103,325.588,324.1868,superheated,,,1,6.000096,0.674435,752.6614,31829.9342,175.9904
0.33,326.432,285.2388,325.5467,324.1086,superheated,,,1,6.187459,0.660543,756.8026,31828.1573,180.6301
0.34,326.4131,284.3612,325.5043,324.028,superheated,,,1,6.374811,0.646664,761.1649,31826.334,185.4171
0.35,326.3936,283.4703,325.4606,323.945,superheated,,,1,6.562151,0.632799,765.7663,31824.4629,190.359
0.36,326.3736,282.5664,325.4155,323.8593,superheated,,,1,6.74948,0.618953,770.6272,31822.5425,195.464
0.37,326.3531,281.6497,325.3691,323.7708,superheated,,,1,6.936797,0.605127,775.7699,31820.5711,200.7412
0.38,326.3321,280.7204,325.3212,323.6795,superheated,,,1,7.124102,0.591325,781.2201,31818.5472,206.2008
0.39,326.3104,279.779,325.2718,323.5851,superheated,,,1,7.311394,0.57755,787.0065,31816.4689,211.8541
0.4,326.2882,278.8259,325.2207,323.4874,superheated,,,1,7.498673,0.563805,793.1617,31814.3345,217.7137
0.41,326.2653,277.8614,325.168,323.3862,superheated,,,1,7.685938,0.550095,799.7226,31812.1419,223.7935
0.42,326.2418,276.8864,325.1134,323.2813,superheated,,,1,7.87319,0.536423,806.7317,31809.8891,230.1097
0.43,326.2176,275.9013,325.0569,323.1725,superheated,,,1,8.060427,0.522796,814.2372,31807.5737,236.6802
0.44,326.1927,275.585,324.9984,323.0595,superheated,,,0.997864,8.24765,0.509218,822.2946,31805.1934,243.5255
0.45,326.1689,275.585,325.0263,323.1715,post_dryout,,0.909003,0.994898,8.43486,0.495697,779.5444,31802.7455,232.9615
0.46,326.1451,275.585,325.0054,323.1554,post_dryout,,0.909018,0.991939,8.622055,0.482239,777.7786,31800.4068,232.3554
0.47,326.1214,275.585,324.9846,323.1394,post_dryout,,0.90904,0.988988,8.809236,0.468853,776.0088,31798.0761,231.7488
0.48,326.0977,275.585,324.9638,323.1235,post_dryout,,0.909063,0.986045,8.996404,0.455548,774.2405,31795.7534,231.1432
0.49,326.0741,275.585,324.9431,323.1076,post_dryout,,0.909087,0.983109,9.183558,0.442338,772.475,31793.4386,230.5389
0.5,326.0506,275.585,324.9224,323.0917,post_dryout,,0.909111,0.980181,9.370698,0.429236,770.7125,31791.1318,229.9361
0.51,326.0271,275.585,324.9018,323.0759,post_dryout,,0.909136,0.977261,9.557825,0.41626,768.9533,31788.8328,229.3348
0.52,326.0037,275.585,324.8812,323.0601,post_dryout,,0.909161,0.974349,9.744938,0.403433,767.1974,31786.5418,228.735
0.53,325.9803,275.585,324.8607,323.0443,post_dryout,,0.909186,0.971444,9.932037,0.390787,765.445,31784.2585,228.1368
0.54,325.9569,275.585,324.8402,323.0286,post_dryout,,0.909211,0.968546,10.119123,0.378364,763.6959,31781.983,227.5401
0.55,325.9337,275.585,324.8198,323.0129,post_dryout,,0.909236,0.965656,10.306195,0.366233,761.9504,31779.7153,226.945
0.56,325.9105,275.585,324.7994,322.9973,post_dryout,,0.909261,0.962774,10.493254,0.354512,760.2083,31777.4553,226.3514
0.57,325.8873,275.585,324.7791,322.9817,post_dryout,,0.909286,0.9599,10.6803,0.354009,758.4697,31775.2031,225.7594
0.58,325.8642,275.585,324.7588,322.9661,post_dryout,,0.909311,0.957032,10.867332,0.346506,756.7346,31772.9585,225.1689
0.59,325.8412,275.585,324.7386,322.9505,post_dryout,,0.909336,0.954173,11.054351,0.338957,755.003,31770.7215,224.58
0.6,325.8182,275.585,324.7184,322.935,post_dryout,,0.909362,0.951321,11.241356,0.331362,753.2749,31768.4921,223.9926
0.61,325.7952,275.585,324.6983,322.9196,post_dryout,,0.909387,0.948476,11.428349,0.323724,751.5503,31766.2703,223.4067
0.62,325.7723,275.585,324.6782,322.9041,post_dryout,,0.909412,0.945638,11.615328,0.316043,749.8292,31764.0561,222.8224
0.63,325.7495,275.585,324.6582,322.8887,post_dryout,,0.909437,0.942809,11.802294,0.308319,748.1115,31761.8493,222.2396
0.64,325.7267,275.585,324.6382,322.8734,post_dryout,,0.909462,0.939986,11.989247,0.300554,746.3973,31759.65,221.6584
0.65,325.704,275.585,324.6182,322.858,post_dryout,,0.909487,0.937171,12.176186,0.292749,744.6867,31757.4582,221.0787
0.66,325.6813,275.585,324.5983,322.8427,post_dryout,,0.909512,0.934363,12.363113,0.284905,742.9794,31755.2738,220.5005
0.67,325.6587,275.585,324.5785,322.8275,post_dryout,,0.909537,0.931563,12.550027,0.277022,741.2757,31753.0968,219.9238
0.68,325.6362,275.585,324.5587,322.8123,post_dryout,,0.909562,0.92877,12.736928,0.269101,739.5754,31750.9271,219.3487
0.69,325.6137,275.585,324.5389,322.7971,post_dryout,,0.909587,0.925984,12.923816,0.261143,737.8786,31748.7648,218.775
0.7,325.5912,275.585,324.5192,322.7819,post_dryout,,0.909612,0.923206,13.110691,0.25315,736.1852,31746.6097,218.2029
0.71,325.5688,275.585,324.4995,322.7668,post_dryout,,0.909637,0.920434,13.297553,0.245121,734.4952,31744.4619,217.6322
0.72,325.5465,275.585,324.4799,322.7517,post_dryout,,0.909661,0.91767,13.484402,0.237057,732.8087,31742.3214,217.0631
0.73,325.5242,275.585,324.4604,322.7367,post_dryout,,0.909686,0.914914,13.671239,0.22896,731.1256,31740.1881,216.4955
0.74,325.502,275.585,324.4408,322.7217,post_dryout,,0.909711,0.912164,13.858063,0.22083,729.446,31738.0619,215.9293
0.75,325.4798,275.585,324.4214,322.7067,post_dryout,,0.909736,0.909422,14.044874,0.212668,727.7698,31735.9429,215.3647
0.76,325.1158,275.585,307.7296,279.5615,two_phase,,0.90976,0.864378,14.231476,0.204474,141650.2132,31733.831,3537.4113
0.77,324.7535,275.585,307.4937,279.5597,two_phase,,0.910171,0.819709,14.417873,0.196249,140536.2056,31698.9779,3508.0178
0.78,324.393,275.585,307.2582,279.555,two_phase,,0.910583,0.775409,14.604068,0.187994,139540.2542,31664.8198,3479.0337
0.79,324.0342,275.585,307.0235,279.5485,two_phase,,0.910996,0.731474,14.790063,0.17971,138615.8811,31631.3332,3450.3669
0.8,323.6772,275.585,306.7898,279.5409,two_phase,,0.91141,0.687901,14.975862,0.171397,137740.2468,31598.4966,3421.9718
0.81,323.3219,275.585,306.5571,279.5324,two_phase,,0.911826,0.644686,15.161467,0.163056,136900.0889,31566.2897,3393.8216
0.82,322.9685,275.585,306.3257,279.5233,two_phase,,0.912243,0.601826,15.346881,0.154687,136086.8389,31534.6935,3365.8991
0.83,322.6167,275.585,306.0955,279.5138,two_phase,,0.91266,0.559319,15.532108,0.146292,135294.5191,31503.6896,3338.1921
0.84,322.2668,275.585,305.8667,279.5039,two_phase,,0.913079,0.517163,15.717149,0.13787,134518.6987,31473.2607,3310.6915
0.85,321.9188,275.585,305.6391,279.4938,two_phase,,0.9135,0.475354,15.902009,0.129423,133755.9196,31443.3902,3283.39
0.86,321.5725,275.585,305.4129,279.4834,two_phase,,0.913921,0.43389,16.086688,0.12095,133003.3513,31414.0622,3256.2819
0.87,321.2281,275.585,305.1881,279.473,two_phase,,0.914343,0.392769,16.27119,0.112453,132258.5666,31385.2614,3229.362
0.88,320.8856,275.585,304.9647,279.4624,two_phase,,0.914767,0.351989,16.455518,0.103933,131519.3817,31356.9731,3202.6257
0.89,320.5449,275.585,304.7427,279.4519,two_phase,,0.915191,0.311547,16.639674,0.095388,130783.7294,31329.1834,3176.0685
0.9,320.2061,275.585,304.5221,279.4414,two_phase,,0.915617,0.27144,16.82366,0.086821,130049.5425,31301.8787,3149.6859
0.91,319.8691,275.585,304.303,279.4311,two_phase,,0.916044,0.231668,17.007479,0.078232,129314.6279,31275.0462,3123.4732
0.92,319.5341,275.585,304.0854,279.4209,two_phase,,0.916471,0.192227,17.191134,0.06962,128576.5069,31248.6733,3097.4251
0.93,319.201,275.585,303.8693,279.411,two_phase,,0.9169,0.153116,17.374626,0.060987,127832.1787,31222.7481,3071.535
0.94,318.8699,275.585,303.6548,279.4015,two_phase,,0.91733,0.114332,17.557957,0.052334,127077.7231,31197.2592,3045.7945
0.95,318.5406,275.585,303.4419,279.3924,two_phase,,0.91776,0.075875,17.741131,0.04366,126307.537,31172.1956,3020.1914
0.96,318.2134,275.585,303.2308,279.3842,two_phase,,0.918192,0.037742,17.92415,0.034966,125512.6117,31147.5468,2994.7066
0.97,317.888,275.5647,303.0216,279.3773,two_phase,,0.918624,0,18.107015,0.026252,124675.5298,31123.3028,2969.3025
0.98,317.7154,269.4632,309.8341,297.3085,subcooled_boiling,TRUE,,0,18.289799,0.01752,11519.2863,31099.4542,1572.9724
0.99,317.518,262.3513,308.5202,294.2256,subcooled_boiling,TRUE,,0,18.472491,0.008769,11543.6651,31086.9041,1795.1309
1,317.2918,254.0337,306.9878,290.625,subcooled_boiling,TRUE,,0,18.655078,0,11572.6875,31072.6418,2054.8284
